Value 1,Value 2,Value 3,Value 4
1,1110.10,a,0.1
2,10.10,b,0.01
3,23.11,c,0.001
4,233.18,d,0.0001
5,963.36,e,0.00001
6,113.36,f,0.000001
